patch_name,original_image,patch_coords,tile_path,lat,lon,patch_left,patch_bottom,patch_right,patch_top,split,embedding
austin_patch_0_0,austin10,0_0,C:\Users\matve\Desktop\GeoAnchor\results\maps\final\patches\austin_patch_0_0.tiff,30.264594711522378,-97.7655217930358,259,259,777,777,test,2.2914753;5.3609633;2.2256296;0.2400095;2.684099;2.6208856;1.0003794;2.3617592;1.9504818;0.9262969;4.0966115;1.3226317;0.4158683;1.6635227;0.32010776;3.2174985;2.026188;0.75260335;1.2608447;0.100736834;2.0043442;1.6695001;0.11443528;5.6820135;0.9178706;2.7650592;1.1158794;1.4042526;4.7993135;1.589167;1.7478769;2.0282629;0.6428009;1.8611027;1.8931156;0.62891966;3.525078;2.5326662;0.29410946;4.1497917;1.154207;1.5941373;2.2480044;0.5280163;2.1462245;0.87562925;0.19626564;2.2788215;3.8140352;3.9223735;1.0683506;2.2301867;1.3883449;1.9969606;1.5158451;1.2648621;0.20609485;2.7655132;0.82171255;2.7452724;2.284105;2.0283628;1.7727472;1.3460006;1.896168;2.1495395;1.1636603;1.2765005;17.25843;2.8585787;0.25754896;1.6285039;1.0071249;0.1440573;2.314298;2.4187078;1.1896596;0.94764674;0.8655716;0.06580809;2.747325;2.2483597;0.6908676;0.50903684;1.6252562;1.300319;0.5686274;0.44074294;0.2088416;1.2322216;2.8635252;0.3499065;0.6367085;0.8676141;0.8676096;0.9283297;2.4748185;3.2795095;1.0176046;0.117689505;0.17895336;1.0367981;1.9493308;3.181409;0.89270806;0.53959167;0.698971;2.7642672;2.431092;2.3527086;4.904813;0.25800225;9.999997e-07;0.57683283;1.328758;0.8686634;1.4744923;1.1444724;0.43452513;0.6120064;1.5820404;2.0664613;0.6285293;0.41555923;2.712658;1.2364135;1.8778611;0.44458994;2.6664004;0.45980638;1.2980697;2.8091438;0.46346214;0.78032756;0.41222143;2.882344;1.9022413;1.560754;1.8125334;2.0081232;1.4136164;1.1550978;3.0161622;1.1188831;0.37048945;2.0759475;0.7176663;2.2037513;1.3263724;2.438345;2.0591967;1.2510508;1.5661252;3.7535007;0.75858146;0.70273536;2.939364;0.34826326;0.71335864;1.2913376;1.5401237;0.63338715;3.419492;0.49181837;2.5617537;1.7114221;0.6535838;0.5509969;1.1397631;0.063364096;1.6779815;0.39728165;0.39270732;1.3344982;0.9688907;1.8446808;0.23918383;0.2144249;0.21239018;2.2863414;1.0690734;2.4728065;3.2625573;1.2264099;1.5636199;1.1692574;1.3739661;2.0780118;1.5185113;2.2373781;2.0651267;2.1786106;1.8593056;1.5657502;3.3178751;1.3102969;1.8211293;1.2450672;1.8354869;1.3093343;0.255098;1.8508347;0.78979516;0.42678663;1.3523275;1.963988;2.2686977;0.4957036;3.4138262;2.6062684;1.528023;2.022891;1.3382655;0.8053279;2.7474775;2.2634068;0.9820185;1.439825;1.0457579;4.7254577;2.5007484;1.3983105;1.9556259;2.2662199;0.719758;1.8515842;0.70736176;2.543713;1.3910881;2.0559962;3.4878771;1.5534629;1.8852794;1.2455044;9.999997e-07;0.9453901;1.8486063;1.0070646;2.0203438;0.9857492;2.447764;2.163587;9.999997e-07;0.6816281;2.9306896;2.69341;1.3054183;1.0897607;1.7892206;0.7952346;0.52417624;0.8606263;1.6771755;4.1149936;0.3091464;0.063032724;1.676691;1.2194054;1.377532;0.55337137;2.125519;4.157199;3.475398;1.4042608;3.5343082;4.329656;0.74561733;3.0408263;0.40267894;1.6196346;1.8226669;2.8593988;2.2637968;1.767044;3.5217137;1.3147587;0.41294277;2.511743;0.8841903;0.7924988;3.3957047;2.4467983;0.8803949;2.4379315;0.7976151;1.9801518;5.079888;1.034229;4.0066137;1.842543;0.21675722;2.7122624;0.81657964;3.690037;1.246767;0.5370778;1.572485;2.22367;0.70011514;0.31154078;1.2727158;1.0106217;1.0647945;0.73651093;0.9682569;3.4259162;2.1756253;3.006471;1.246306;4.285181;0.9082693;1.4308696;2.2766116;0.7830339;2.3266304;1.3250808;0.0044770795;1.8245152;1.6135131;0.35888204;1.0055223;1.201257;3.1392758;4.3774753;1.3871082;3.1781752;3.096068;1.0883169;0.5363164;2.0427194;1.4771134;1.3974057;1.3711458;2.2035625;1.4336723;1.8239216;1.634169;1.4227291;1.5242829;2.5632582;1.6010283;0.18456432;1.1036096;0.9132381;0.18807535;3.1445723;2.0614853;1.0536631;1.6651484;1.2369367;1.5569628;0.40943682;0.8481508;0.69680643;1.2889796;0.69495624;0.535472;0.70025194;0.42535785;4.4343505;2.403183;1.1572605;2.0611472;3.3371382;0.82871574;3.0221374;1.0523785;4.0410776;1.3135177;1.3049883;3.0114248;0.89971215;1.9964755;3.0741074;0.69494545;0.8057667;1.1867168;0.84622073;3.7239678;2.9682934;0.51216745;0.55844265;1.8985564;1.5371423
austin_patch_0_1,austin10,0_1,C:\Users\matve\Desktop\GeoAnchor\results\maps\final\patches\austin_patch_0_1.tiff,30.278127913830446,-97.7653524145968,777,259,1295,777,test,2.9338698;4.7920575;0.58607805;0.46586847;0.74264246;3.0179338;0.54171515;1.1953359;0.5424528;0.8794217;2.3214438;0.9194269;0.5069631;1.4108537;0.21253812;1.5321268;0.31886265;0.38938132;1.60199;0.509143;1.3979918;0.9237588;1.1084925;4.7426696;0.5629275;1.2047313;0.99727666;1.5936145;3.8878748;0.61552125;0.70878303;1.6470989;1.5622497;1.0865083;1.3054525;0.64173084;2.3857834;2.8040447;1.3305175;0.24906248;1.9507647;1.4382389;1.5196451;2.3867435;3.3933496;1.2434961;0.52410877;0.7411245;4.7309947;2.913556;0.989918;1.3255612;0.6678897;1.574594;1.6410794;0.7548143;0.2417756;2.4456391;0.9775725;1.4276958;1.4962834;0.35192418;1.5317341;1.2076093;2.4640977;4.363602;1.0051515;1.0625414;16.108543;3.2184381;0.9843875;1.9851499;0.39399067;1.2903063;2.1280472;3.9338715;1.1095593;1.0621282;1.5738347;9.999997e-07;1.7120062;2.4979022;1.7328674;0.20755884;1.7479751;1.4419882;0.73629457;1.0719049;0.4161974;1.8449844;1.5939976;0.22456281;1.6469923;0.3050741;0.95998627;2.0234668;2.302951;2.9249458;1.1930577;0.14353284;1.5309757;0.86963886;0.53585005;3.320802;0.29212397;0.49135512;0.71550983;1.7469244;2.708383;1.6967089;4.2024927;0.5687458;0.46230465;1.1937099;2.0164003;1.7998872;0.5374893;1.3152283;0.9198778;2.2207003;1.4787334;3.5421255;1.6336114;1.5041913;1.3380235;0.86664414;1.6392468;1.3196192;2.4440613;0.76621956;0.95205384;1.6939979;0.050329376;1.414921;2.0185966;1.5827805;2.3039968;1.2969297;4.194448;2.6737592;1.2864724;1.4319247;2.5639298;1.1478988;0.20218521;0.84281963;0.54388434;1.974658;1.0449573;2.710056;2.2267308;1.1325327;0.8803352;1.4986447;1.1093141;0.51211053;0.9960107;0.52916294;0.07089847;1.4726931;2.3629556;2.4678638;2.7590337;0.6809553;2.0391998;0.7474868;0.12846042;0.5699394;1.1604532;0.12359454;1.4079297;1.1356149;0.28605554;0.81165093;1.7884545;1.146133;0.87771976;0.07005204;0.73655695;2.1573396;0.54778206;3.0383687;1.5694901;1.7082576;2.1005719;1.8593715;2.2978184;2.204834;2.0536673;1.5058124;1.7868643;1.0606991;0.8631115;0.9602897;3.558224;1.8371707;0.84084386;1.2185045;0.66943234;1.5892249;1.2574784;2.7887378;1.7620139;1.6757123;0.9713112;0.73304224;1.3838031;0.40705115;2.9913402;3.573695;1.8970382;1.7444657;1.309908;0.7654308;2.5505407;1.1449977;0.89007115;2.330895;1.1856166;4.773109;2.767839;1.3437148;1.6813548;2.5773535;0.6704978;1.3119082;2.3555408;2.0789356;0.49269906;1.7898391;1.8702428;1.9913146;1.8919227;1.2779372;9.999997e-07;0.6664368;1.2202256;2.0825286;0.5859073;1.3919066;1.9692978;3.509162;1.1603491;1.4933754;3.1311674;2.9575841;0.5968327;1.9819328;1.0610497;0.83748883;0.21360885;1.7903178;1.2501307;4.50126;0.60036093;1.2714912;1.6848935;0.48823112;1.0539122;0.613291;0.4784317;3.7232027;3.090989;1.5463008;4.188485;3.000518;1.085892;0.94094443;2.2776628;0.66710347;1.7305404;0.43191114;2.903373;1.1648237;1.4440429;0.7319489;0.1985994;1.7697518;0.9945646;0.931867;2.2010605;0.5575794;0.11298065;2.4638505;0.35216597;1.6700758;6.2188535;1.0030851;3.1132538;1.1389148;0.73346853;2.654875;0.85019964;1.7039859;0.6503807;0.7857614;1.7528675;2.0081716;3.2061453;0.49987397;0.3159097;1.3474915;0.2036633;1.4048452;0.9689935;3.8999643;2.0687437;2.7742016;1.5899584;1.3969792;0.31724626;1.3079511;3.975753;0.039454054;1.8186576;1.2628816;0.22943677;2.2484968;1.1778308;0.45044258;0.09660335;0.7315657;1.3780252;3.8138487;0.5607005;2.1204057;6.4968405;0.8035096;1.3997691;1.4315915;2.133375;1.2612543;1.4882087;0.5412723;1.3173497;1.656035;2.1192775;0.45094052;1.5421655;2.661468;1.0947373;0.5801946;1.0592916;1.0040655;1.4445672;1.456272;1.7827674;1.448602;1.3343041;1.4857931;0.7043001;0.13657558;1.2244172;0.83615804;1.6928146;2.4702234;0.7415543;2.1244073;0.7212236;5.215765;2.7776346;1.2682669;2.6570284;1.6853638;1.1632391;1.764944;0.342442;2.3032312;1.4291794;0.9311884;2.9689322;2.1866004;1.6955602;1.8396691;1.1162922;1.4267324;1.7102913;0.37357548;2.52722;4.8836565;0.18275832;0.98726845;0.3629344;3.3347795
austin_patch_0_2,austin10,0_2,C:\Users\matve\Desktop\GeoAnchor\results\maps\final\patches\austin_patch_0_2.tiff,30.291661087279312,-97.76518292111321,1295,259,1813,777,test,1.4005469;5.1901975;4.4205165;0.6961541;2.1389086;4.260271;0.4624965;1.9221119;2.532026;2.769891;3.416131;1.242634;1.053432;2.4450276;1.3431232;3.1498258;4.1217866;1.661571;2.659909;0.7297494;1.8887475;1.5988383;1.4379123;5.3456073;0.86487573;2.8082592;0.8469041;0.9895574;5.0276847;0.39452177;3.859391;3.064695;2.0438032;1.9186579;2.3811352;2.115485;3.2227314;1.86894;1.451492;1.9090402;1.0646057;3.0756912;0.74225307;1.6441466;1.927109;1.0915093;0.693059;1.6767553;3.7275395;2.5974343;1.7336037;1.7525302;1.3467262;1.5694643;1.0798076;1.7922922;0.75745404;1.6384436;1.0126365;0.61274034;1.7440577;1.304624;1.8127315;2.2781096;1.3158692;4.0661955;0.44889984;0.90369743;6.079478;2.5021985;0.058555406;0.46159947;1.2724189;0.47693235;1.355698;3.8010838;0.5304898;2.5023255;0.73229194;0.0030924703;3.4754055;2.2795837;0.8625228;0.11151342;1.1398963;1.6272509;2.1564898;0.2663631;0.03857069;2.2911513;1.1930246;0.57594556;0.22947332;1.4120189;0.2417058;2.1096857;4.194006;3.610164;3.2626498;0.58261526;0.8509292;1.9312308;3.5183787;2.9005744;1.4891459;1.6514877;1.5544876;3.0815551;1.6616157;3.200628;3.7945483;1.4479562;0.20724478;0.66718036;1.0397952;2.3443859;0.542928;1.179384;0.97299683;0.43015274;0.66153246;2.6540234;1.0894268;0.5697453;2.2873983;1.113626;0.6508348;0.598961;0.8739934;1.1758713;2.1267588;3.4609523;1.1746694;1.857088;0.47849187;1.166094;0.61053497;1.2135655;1.7582688;1.2783759;0.8599406;1.0817201;2.071288;0.9245995;0.39577085;3.7010732;0.85767025;1.4134651;1.056497;2.4773574;0.92749757;0.1941419;0.787192;1.2770758;2.8862004;0.8154105;2.8787568;0.39000422;9.999997e-07;2.299747;2.3934653;0.82016116;3.1265764;1.0692415;2.3516464;1.3266482;2.3189433;0.37599176;2.4191408;0.44964978;0.65608656;1.3122652;1.1638836;2.7307198;2.1079848;1.1728194;0.8283124;0.6784716;0.7353178;2.5559292;1.2982099;3.008934;3.0604851;0.34879822;0.561697;1.3127322;0.840988;1.1109446;1.0759112;0.7966587;0.9339767;3.9549887;2.124125;0.9443038;2.0908494;1.2009411;2.8745158;1.8783681;1.4805481;1.9272693;0.93841994;2.0025437;1.1582775;1.2197616;0.7926829;2.6228638;0.95590216;0.39670938;5.8409796;2.0713212;1.6965936;1.9979652;3.4494286;0.819535;1.6076888;2.1863616;1.4681244;0.913393;2.3195305;7.7050424;2.8921044;1.4992878;0.61983424;1.3700752;0.49959034;1.9313484;1.1772664;2.3271127;2.2859466;0.50820804;4.1470017;0.8582647;2.0090322;0.8098765;9.999997e-07;0.5829599;1.2148553;2.2436423;2.9492786;1.249467;2.575939;1.9068131;0.23721595;0.39385754;2.9024515;2.0494459;0.820101;1.6930737;1.2219069;1.5262991;1.4390713;0.33545142;1.4015708;3.7047005;0.36106718;0.5478193;1.3440969;0.7769637;3.5196977;0.81920886;1.6918343;2.4189992;4.744581;1.0993258;2.8928084;3.2215407;0.7882877;1.9456093;1.4971064;1.0498251;1.2633338;1.9871243;2.3408687;0.75850266;3.177212;0.60083395;0.2520359;2.4875722;0.6604843;0.54438263;1.4258654;2.425357;2.1724253;2.8129497;1.2502106;1.1675076;3.2850003;0.8493927;2.592438;1.8118993;0.5903548;1.9934535;0.9095769;2.6149366;2.3647768;0.9018814;1.5680803;1.8934878;1.5220952;0.21490817;0.43141264;2.6817772;0.77573144;1.560137;3.548942;2.447549;1.170891;2.0056548;0.33446947;3.1385407;0.7571278;0.3449782;2.229647;1.6181602;1.6957927;2.8669794;0.43938377;3.8863773;2.8855271;0.20093144;1.3081846;1.6242937;1.7678041;4.8850636;0.9774225;1.9785631;1.5021319;0.86838675;1.1004478;1.7024109;1.2696342;1.6832184;3.611729;1.4220657;0.99239326;2.4901538;1.6965312;1.9756628;3.1139917;1.645011;1.4992285;1.0290515;2.3273916;1.321649;0.403639;1.7839644;1.6160171;1.8684967;1.2430863;1.0265346;0.7966039;0.603315;0.20380169;0.17701593;3.238351;0.9990876;0.65817344;1.2995725;2.0861313;1.3853416;3.1174479;1.005307;1.8587071;2.4563484;0.9423353;1.4845387;0.63140684;2.0099058;1.8823562;1.6453339;2.3767571;0.1156564;2.5513952;0.9512449;0.44568023;0.668535;1.6644286;1.2919059;3.5193775;3.2005348;0.86362493;1.3384675;1.2530724;1.5902411
austin_patch_0_3,austin10,0_3,C:\Users\matve\Desktop\GeoAnchor\results\maps\final\patches\austin_patch_0_3.tiff,30.223847264374736,-97.75044532695448,1813,259,2331,777,test,1.0911986;5.5841775;3.8683162;1.2632596;1.3090498;3.5225804;0.5146451;2.160636;0.4155877;2.852654;3.120035;0.70200974;1.5880306;1.5719249;2.0138555;2.7779858;2.958264;1.7677174;2.8316028;0.6589504;1.8485581;1.1878588;1.6503639;5.9381046;1.162881;3.3637152;0.4919426;1.0114348;5.1561184;0.27815866;3.5879395;2.63154;2.1012464;1.7437928;1.9222519;2.3143845;4.7446632;1.7219367;1.9494063;0.9317005;2.45754;2.4005895;0.80656743;3.1832654;3.1071434;1.1477698;0.35816923;2.1013477;3.6689692;1.9236299;1.726089;2.3103929;1.6442491;1.9340812;1.5453242;2.581928;1.8377029;1.9005395;0.82184154;0.63906366;0.7354478;1.0495799;1.1303248;3.2754073;1.5159512;3.6780705;0.32630447;0.47719365;3.365707;2.2843456;0.24845885;0.47078747;1.1549766;0.97218037;2.7557788;3.8323863;0.77261263;3.0712776;0.37480158;9.999997e-07;2.1023202;2.8955684;2.376495;0.6134422;1.0020558;1.4204655;1.4852365;0.1445709;9.999997e-07;2.0859964;0.82134944;1.3439356;0.27523053;1.3458444;0.8413033;2.1651359;3.1274168;1.9159452;3.155208;0.5727127;1.281591;1.5840757;3.1635153;2.2662098;1.6340414;0.92798346;2.1175132;1.8507708;1.627762;4.0032234;3.875527;1.7555639;0.08238005;0.6985532;0.91744834;1.6840522;0.340324;0.4424704;1.474459;0.54963785;0.6518896;2.934558;1.7290404;0.91525805;2.0167713;1.3660382;0.18609199;0.88899493;1.2742121;1.4655672;2.2664292;3.0091262;0.6791256;1.5317446;0.29677743;0.9114064;0.6410293;0.7146505;1.4691442;1.5125947;1.2107259;1.2913892;0.8830556;0.61846405;0.6889688;4.436563;0.90297294;1.2390215;1.7873077;2.5716558;1.2877592;0.33507794;0.77954215;0.3213684;2.5579863;0.6909745;1.6616824;0.64193183;0.49744454;2.3380833;0.9339267;0.33671847;1.7304478;0.70356023;2.1283395;1.0263398;0.8550294;0.29527494;3.381446;0.6455009;0.5059209;1.6627933;1.6559855;1.5196366;2.2723343;0.18732643;0.4891408;0.078956835;0.91222036;3.7993963;1.3346554;2.266821;3.7091155;0.29615825;0.5082446;1.0943635;0.4158913;0.65919626;0.94099134;0.80344653;0.43332094;4.3882823;2.2103648;0.61953884;1.1809305;1.552694;2.2001717;1.0340806;1.1028697;2.459962;0.7655952;1.9022546;1.693561;1.3284051;1.1397982;2.491248;0.98172784;0.56260955;4.9081125;1.8432503;1.9687864;1.9160699;3.082568;0.9625612;0.684677;2.1535165;1.0980817;0.4676788;2.4856875;8.332782;2.314588;2.0467124;0.52685714;0.8932777;0.15536354;2.1777802;0.5525947;1.8826324;1.0589913;0.6104134;4.7050233;0.52504826;1.7620599;0.2713212;9.999997e-07;0.36483854;1.3199586;1.8364373;3.3400364;1.3469678;2.404853;1.1235716;0.25263003;0.360472;2.5371127;2.279821;1.3718596;2.2235527;1.2567009;1.4243321;1.767454;0.74161685;0.5843822;3.065048;0.053832717;0.6439656;1.534358;0.7055212;4.2826357;0.73266435;1.587878;1.8238646;3.3510158;1.3660597;2.4336812;2.4109004;0.5804533;1.3117987;1.5282615;1.6019126;1.1467297;2.3549788;2.128362;0.9406723;1.3626305;0.6620189;0.31462878;1.7453557;0.12369756;1.3332583;0.69484353;2.5928485;2.003313;2.2201395;1.4955789;1.3832338;2.3365216;1.27083;2.5258698;1.2032131;0.99030036;2.3673456;0.7522763;1.3703862;1.4126536;0.65793663;2.0493271;1.5100344;2.2070453;0.25836402;0.4272141;3.7197676;1.5681095;2.1099732;3.018817;2.7382357;1.3837324;2.3138142;0.3974483;1.3720318;1.5248314;0.21114871;1.3323694;1.288903;2.6602771;4.023461;0.40222803;3.7155921;4.160566;0.3878198;0.29279268;1.6501656;1.6563178;4.0183654;1.413684;2.0054126;1.0609888;0.42348817;2.6102269;1.175162;0.94683087;1.6832508;2.5355759;1.2293167;0.5269272;2.1271598;1.6855626;2.1917558;2.505809;1.1836064;1.1422882;1.3278433;2.2590902;1.7319676;0.6462684;2.1017592;0.7450223;1.5755829;1.6287823;0.9637321;0.70544106;1.0580622;0.055697348;0.19193865;2.3366072;1.7994347;0.6373196;0.53511435;2.7163236;1.3989432;3.3469503;0.96273017;0.8368529;3.8531842;0.8314035;1.3308022;0.68427753;2.193545;1.6244013;1.7747184;2.4710965;0.030829437;2.1998248;1.2970912;0.83694094;0.994954;1.636384;1.2798685;2.5469537;3.6996539;1.0149301;1.7306963;1.4835868;2.1071994
austin_patch_0_4,austin10,0_4,C:\Users\matve\Desktop\GeoAnchor\results\maps\final\patches\austin_patch_0_4.tiff,30.237380473417883,-97.75027415986001,2331,259,2849,777,test,1.2907568;5.8408213;3.8475928;1.0685586;1.5651554;3.6316135;0.4668179;2.0674322;1.1449934;3.118557;3.6366744;0.9043765;2.087694;1.5342686;1.9843707;2.6902857;3.198397;1.5757275;2.5188496;0.7417363;2.0179193;1.2665483;0.90539235;5.5103364;1.4012978;3.1190732;0.25606886;0.60044974;5.2151823;0.4794825;3.944473;2.0410323;2.1963603;1.9000605;2.1586757;2.711711;3.5412235;1.7367908;1.6433976;0.8633444;2.052972;2.7408178;0.5426389;2.4221551;2.5712583;1.0262862;0.8301551;1.8016374;3.645073;2.3242998;1.6475167;1.9992499;1.4040613;2.2012532;1.5683979;2.683956;1.1351843;1.9859135;0.89437723;0.8269587;0.63142765;1.382049;1.5929112;2.9996674;1.4343865;3.854808;0.6807507;0.4661707;4.2504478;2.7288213;0.09711918;0.34204486;0.81449085;1.931231;3.1500502;4.2059197;0.8646339;2.7763255;0.7788959;9.999997e-07;2.5697327;2.272886;1.6907403;0.9384962;1.0460203;1.4713913;1.2988108;0.31431794;0.010065729;2.080056;0.9804423;0.88200784;0.09407;1.4434166;1.0343038;1.9610692;3.016258;2.4541888;3.5320508;0.5533425;1.295132;2.163399;3.6055279;2.4516542;1.9580177;1.4105965;1.9743938;1.8943543;1.5162009;3.7180755;4.031828;1.1410925;0.2591652;0.7045849;0.70087135;1.5047134;0.704445;0.5866843;1.1825778;0.42610314;0.67627513;2.8638945;1.4652376;1.0731521;1.2140453;1.2892206;0.20262124;1.6664587;1.4402728;1.8909701;1.9855994;2.9573026;1.215527;1.6953275;0.29759437;1.7974074;0.6252499;0.46036443;1.9954721;1.2629412;1.4344608;1.4016377;1.4524711;0.47025764;0.51365983;4.6348705;0.9209656;1.5595323;1.4090244;3.1373014;1.3365552;0.41621968;0.84330934;0.50058746;3.2940438;0.54136765;2.4048755;0.6710003;0.35392514;2.0704012;1.5879667;0.59354275;1.7945602;0.7816909;2.1751494;0.9893999;0.7854015;0.43690777;3.009096;0.7961149;0.18270308;1.2629118;1.826108;1.7905409;2.8278713;0.55899477;0.5522358;0.57410806;1.0560546;3.741532;1.4050593;3.563668;3.885139;0.6245128;0.5152055;1.5215101;0.36191067;0.74309134;1.0148654;1.2046975;0.4282554;4.5328383;1.4792131;1.1017532;1.3768486;1.6623721;2.7473698;1.1736667;1.3228911;2.5380783;0.701881;1.9962884;2.0987434;1.4186432;1.0972553;2.5543354;0.9875185;0.30904686;4.6370683;2.203376;2.5196798;1.631869;3.340514;1.4577273;1.1187731;1.4620239;1.0624743;0.44110557;2.2743957;7.6826277;2.0425124;2.420582;0.6567545;0.9465919;0.34540054;1.6597043;0.81786424;1.9558195;2.1856506;0.53288287;4.329816;0.54822576;1.5262232;0.07403428;9.999997e-07;0.5925875;1.213368;1.9611999;3.9246066;1.4562557;2.6070206;1.1221671;0.27186123;0.41737202;2.4654064;2.154694;1.667655;1.6962904;1.5897075;1.0152386;1.6217271;0.50942653;0.6016114;3.025821;0.05110175;0.78646076;1.8456355;0.9929407;4.284695;1.1694314;1.3802125;2.254404;3.6714597;1.261254;2.224771;2.347725;1.0258418;1.7151736;1.2979108;1.3211449;1.2329826;1.7931949;2.223879;0.9123636;2.1812289;0.55121666;0.5132262;2.0143416;0.27236688;1.7267495;0.9007757;2.0183969;1.5864416;2.7484262;1.4227057;1.8477323;2.0787692;1.6228148;2.8262515;1.6271131;0.83382237;2.863329;0.55673563;1.5519304;2.1027012;0.7794095;2.3397715;1.6012069;2.2845762;0.15281689;0.27576584;3.1429522;1.3918271;1.561699;2.6931849;3.0809927;1.7912837;3.01105;0.58688706;1.752628;1.400301;0.38864657;1.6003051;0.95626515;2.2214048;3.4967778;0.19358784;3.52867;4.315873;0.5942546;0.6443528;1.5872147;1.3981974;4.104489;1.9065741;2.4786723;1.0465626;0.81723;1.8961345;1.6754394;0.6432951;1.094732;2.8197155;1.0110596;1.0279726;2.0946705;1.7589749;2.1175544;2.8097777;1.8513347;1.3577112;1.148934;2.5829363;1.1721251;0.46093458;1.7891049;1.1188468;1.9456464;1.3750725;0.6729286;0.9655127;1.0189949;9.999997e-07;0.04231088;2.6026874;1.4575028;0.7689444;0.6319756;2.4897263;1.4702078;3.6970842;0.8953107;1.2433602;2.8649044;0.82342035;1.4238378;0.7073582;2.2773948;1.6485882;1.7733741;2.078979;0.08808833;2.507182;1.2551649;0.95716536;1.1016126;1.735621;1.3507789;2.7378983;3.6258457;0.9969839;1.6575942;1.8902704;2.4764268
austin_patch_0_5,austin10,0_5,C:\Users\matve\Desktop\GeoAnchor\results\maps\final\patches\austin_patch_0_5.tiff,30.250913653604808,-97.75010287646963,2849,259,3367,777,test,1.300877;5.8640623;3.8939037;1.0689514;1.1692008;3.6531193;0.32958636;2.2614453;0.84464186;3.637729;3.323901;0.5406888;1.6817862;1.395687;2.0846188;2.175697;3.0704377;1.5791483;2.8684142;0.47836542;2.0312564;1.0082926;1.1678829;5.6562624;1.4551928;3.064175;0.22701502;0.763686;5.5599174;0.7498324;3.752759;2.3136384;2.7109063;1.6139749;1.9255525;2.780611;3.4228337;2.01468;1.7922254;1.0719923;2.2591548;2.3093011;0.9332553;2.892041;2.755719;0.6575037;0.7603517;2.2249837;3.1966238;2.504071;1.628535;2.3292835;1.5027603;2.3830447;1.7165964;3.1509933;0.99275345;2.0607746;1.1971384;1.0768179;0.7154255;1.6372079;1.554404;3.2326088;1.4883633;4.1107655;0.53777915;0.4352958;3.9679425;3.0377343;0.113669984;0.5791293;0.7838734;1.3121613;3.0702333;4.0933685;0.82347876;3.042292;0.56769824;9.999997e-07;2.6257305;2.7758248;1.716329;0.79284847;1.0096022;1.5608724;1.3937597;0.20769428;9.999997e-07;2.3185327;1.2414583;0.95324475;0.16559584;1.4168807;1.2085813;2.046709;3.2563207;2.2500129;2.8661902;0.6317417;1.229365;1.724509;3.167219;2.3891432;1.938082;1.535298;2.014041;1.7812332;1.0877087;3.6282399;4.2455525;1.0154122;0.20247348;0.7245448;1.0404153;1.3858644;0.49410352;0.30524433;1.2786828;0.45508358;0.44956267;3.1165757;1.528909;1.0373577;1.3203255;1.4859549;0.051361907;1.3206916;1.4577242;2.2516093;2.2023625;2.8945882;0.91653746;1.5269493;0.24042974;1.5272644;0.8833454;0.486427;2.0133336;1.51874;1.647554;1.831709;1.5943617;0.6404;0.6320041;4.6388607;0.8318629;1.2667512;1.8729657;3.2552478;1.151133;0.19800888;0.7278815;0.498518;3.0597448;0.63761485;2.0463543;0.7889098;0.80036277;1.9444501;1.3419787;0.38311288;1.5820197;0.823526;1.7876954;1.4558787;0.7456679;0.39366692;3.378379;1.1446267;0.20410942;1.1861875;2.0677967;1.2732525;2.6536846;0.33892375;0.6262981;0.5363584;1.264294;3.9325297;1.4319586;3.0887358;3.950243;0.7179749;0.7646655;1.9847507;0.25597632;0.68777305;0.98099655;1.1425178;0.38392913;4.31201;1.3814366;0.8632756;1.2129931;1.7130562;2.9611816;0.8171518;1.2783093;2.6504364;0.622159;2.144938;1.7733246;1.5731857;1.235754;2.9141884;1.151592;0.40319598;4.9927964;1.9942232;2.5526042;1.46686;3.6066911;1.1929251;1.141876;1.6309165;0.9916242;0.41972834;2.6142185;7.8398223;2.2386036;2.3987277;0.6091777;1.027534;0.3889855;1.7194273;0.51543826;2.0409698;1.9587575;0.6902164;3.9580498;0.4838332;1.7637192;0.23888735;0.026893908;0.5948739;1.3291563;1.611975;3.5046098;1.4375905;2.7066891;0.7976585;0.35248566;0.31501845;2.2364118;2.260324;1.8161575;2.115182;1.6429347;1.1595618;1.312069;0.59820044;0.840975;3.1735735;0.18155941;0.70416945;1.698861;1.0252298;3.9125266;1.379512;1.3553636;2.0663643;3.3764915;1.3833193;2.1888275;2.1356704;0.7994152;1.5918803;1.6563987;1.3762517;1.1400322;2.151677;2.046948;0.8348231;2.3454003;0.63291436;0.34386662;1.7638512;0.5305592;1.7631937;0.9492233;1.9074024;1.3203923;2.6996026;1.3280677;1.5788803;2.1518638;2.0218074;2.7664478;1.3911668;1.067144;2.952597;0.72949946;1.3133513;2.2175677;0.76962763;2.249847;1.4613761;2.4534695;0.2173536;0.28323743;3.3497233;1.2641166;1.8034216;2.5322;3.10316;1.9152113;2.9312296;0.44615504;1.8674778;1.4151835;0.40770334;1.7257155;1.0300659;2.494789;3.591182;0.12976733;4.0933156;3.9821868;0.6228069;0.7864313;1.482592;1.1728815;3.9289122;1.9925624;2.2986233;1.0937228;0.60183555;2.5226483;1.4801959;0.503112;1.067159;2.1609921;0.9651705;0.6854456;1.994397;1.741439;2.0407228;2.9076862;1.5945305;1.3945563;1.4866248;1.9988368;1.4039817;0.74061745;1.6288959;1.3090287;1.587516;1.5464613;0.8538094;0.68827766;1.0407331;0.07374596;0.015039272;2.565757;1.8938282;0.7034172;0.62366873;1.8503747;1.7746513;3.6313453;1.0645756;0.9444654;3.3707993;0.8810776;1.6714611;0.9403236;2.8262687;1.5311612;1.2142562;2.5039167;0.029986463;2.336263;1.2772446;0.5443429;1.066415;1.8638877;1.1865841;2.8127193;3.277612;0.7481363;1.367273;1.9602039;2.3618612
austin_patch_0_6,austin10,0_6,C:\Users\matve\Desktop\GeoAnchor\results\maps\final\patches\austin_patch_0_6.tiff,30.264446804927328,-97.74993147671664,3367,259,3885,777,test,1.0191876;5.6853895;3.9906905;0.8251031;1.0119127;3.5240648;0.54440314;2.4233398;0.70653975;3.4176636;2.962573;0.77007276;1.8589185;1.1887184;2.1113048;2.3390837;3.3266482;1.2105007;2.7070184;0.8233254;2.249943;0.7782012;0.9553399;5.543576;1.4351056;3.2551491;0.35721743;0.62199485;5.2104387;0.56207275;3.908696;2.3523123;2.4846745;1.9572153;1.6898304;2.5632381;4.457334;1.6386274;1.9001749;0.88258576;2.4790983;2.1080575;0.7393425;3.2864814;3.1230323;1.0303794;0.72950745;1.8445594;3.195499;2.2128139;1.6330038;2.0792525;1.8868971;2.4203985;1.7786257;3.0495608;1.3442414;1.7506458;0.9880957;0.65182865;0.75676084;1.3184617;1.3400799;3.7084124;1.4120171;3.3243008;0.33804893;0.37445015;2.931186;3.123529;0.44301248;0.46407443;0.88948613;1.3328679;3.2595575;4.1230416;1.0115484;2.9141676;0.68225497;9.999997e-07;2.5840397;2.937201;1.4527541;1.0539174;1.1043866;1.3556824;0.85678375;0.260836;9.999997e-07;2.27052;0.84934676;0.8452946;0.06349911;2.1126518;1.155591;2.3584778;3.2328317;2.2344952;3.4164274;0.80843866;1.8076023;1.5976818;3.3046377;2.1720781;1.820232;0.85352415;2.1194942;1.6043844;1.31264;4.6264915;4.186789;1.1240544;0.12770145;0.62699556;0.9571099;1.330294;0.49491525;0.22380868;1.3707962;0.41486022;0.70305854;2.8319173;1.5324689;1.0357767;1.728377;1.3517032;0.11742483;1.6460298;1.0985645;1.8303851;2.2802823;2.7656944;0.8066631;1.6950248;0.27162713;1.3822967;0.8338715;0.54637724;1.5137647;1.0139501;1.3570292;1.4837515;1.1810671;0.46383905;0.5510758;4.7997866;0.99156195;1.2992648;1.5226792;2.9602222;1.3703183;0.11717753;0.7576658;0.30572218;2.5151966;0.51094687;2.2573295;0.46743023;0.85185134;2.2387152;1.2249993;0.318717;1.3789265;0.8493452;1.5019958;1.6246542;0.58572096;0.2627852;3.4014335;1.2003593;0.36141935;1.5039116;2.0342488;1.1639022;1.6979603;0.16565424;0.4198502;0.60421365;0.8799798;3.7091622;1.3845778;2.558071;3.7379255;0.5169559;0.44736442;1.5563364;0.5608317;0.39978787;0.9499282;0.9236976;0.28364146;4.276059;1.8692492;0.9534937;1.3944874;1.7624334;2.5581288;1.1757733;1.153007;2.4124966;0.74878746;2.1480598;1.7424961;1.621955;1.1693275;2.42297;1.0134109;0.5099752;4.5061564;1.9055127;2.0668464;1.649932;3.75816;0.9357329;0.82566214;1.6183059;1.1602521;0.54967314;2.5283906;7.907934;1.9797884;2.277028;0.5646097;1.0017295;0.15007736;1.4468282;0.72728825;1.9127787;1.5879142;0.5257053;4.7726502;0.3399906;1.859551;0.19818054;0.0035259759;0.13959014;1.2696294;2.1180725;3.9533367;1.3450085;2.4599113;1.3069197;0.23407571;0.24003457;2.4962595;2.0656288;1.2347728;2.0194383;1.3562527;1.403616;2.0997415;0.8044386;0.5342992;3.0349894;0.11591222;0.5085066;1.657278;0.5471313;4.347668;1.1463251;1.3830531;2.3994415;3.2396145;1.3947288;2.1177888;2.6803029;0.9316559;1.3479913;1.4937123;2.0100846;1.3223908;1.9761822;2.2219625;1.0534034;1.6009154;0.81454176;0.25865245;1.7420245;0.30578834;0.90850544;0.97317755;1.884919;1.3909843;2.4287255;1.7155991;1.6451874;2.2300086;1.9263637;2.7986655;1.1536014;0.88435626;2.704103;0.6089235;1.2423757;2.0468042;0.9296212;2.0859253;1.8193802;2.4824452;0.1704323;0.48519498;3.934338;2.0863266;1.4690728;2.6647859;2.9319026;1.8320483;2.116956;0.4452782;1.5219786;1.616769;0.26721555;1.5754119;1.0642262;2.7290595;3.8840373;0.1351287;3.7583106;3.8308697;0.5084201;0.45476142;1.1709068;1.9442277;4.185174;1.9977646;2.1617024;1.0029181;0.51675576;2.1069279;1.6265839;0.3654044;1.439037;2.2311676;0.6659794;0.5918338;1.7773302;1.8221762;2.1571681;2.5605807;1.4952687;1.3480806;1.435563;2.6789005;1.4333173;0.87353605;2.2682903;0.89845395;1.8753698;1.6942579;0.9042349;0.50922257;0.82807803;0.0412015;0.08063723;2.3170464;1.5749644;0.6468804;0.7273591;2.1499834;1.4530561;3.4042222;0.4256118;1.0300628;3.398957;0.9750984;1.5754855;0.51595527;2.6212547;1.7565414;1.4801711;2.5293365;0.09689405;2.209836;1.846822;0.56187505;0.7653718;1.647287;1.556422;2.7142112;3.6678872;0.72121084;2.1237745;1.2881896;2.480837
austin_patch_0_7,austin10,0_7,C:\Users\matve\Desktop\GeoAnchor\results\maps\final\patches\austin_patch_0_7.tiff,30.277979927377352,-97.74975996053445,3885,259,4403,777,test,1.2150645;5.4862914;4.210231;0.4801665;1.2773292;3.7948637;0.41629684;1.8340822;0.43730327;3.5178592;2.5916889;0.62553006;1.3248729;1.1061165;1.9674032;1.8082473;3.15701;1.4648863;2.8506944;0.6772577;2.0446823;1.517909;0.71366644;5.220355;1.5677553;3.748472;0.029536087;0.44167137;4.7190895;0.7197599;3.9344835;2.4796941;2.2364726;2.5901248;2.305744;2.6271691;3.5022044;1.6397138;1.7590711;0.7609241;2.1419444;2.1576471;0.6361044;2.9319549;2.7619143;0.67803055;0.57528085;1.9630566;3.409085;2.0462384;1.2729002;2.522255;1.1635551;2.276643;2.0233107;3.294277;2.0114672;1.4173424;0.89013016;1.0609012;0.73298603;2.0436485;1.2814047;2.8251529;1.3626772;3.323541;0.092348255;0.6692889;3.5569305;3.006947;0.40982273;0.276004;0.818037;1.2717444;3.4026172;4.170943;0.9083182;3.3435476;0.8289711;9.999997e-07;2.5026505;2.944646;1.6479049;0.76649755;0.8971286;0.9285922;1.1285341;0.42791954;9.999997e-07;2.0955122;0.7871939;1.371973;0.17622007;1.3273482;1.1514704;1.444647;3.025189;2.7549663;2.8061259;0.41176245;1.2292557;1.2056617;2.7885566;2.1724129;1.4109222;0.8374922;2.0340927;1.4857594;0.8884485;3.8924792;4.169694;1.3471508;0.026038082;0.63553613;0.907182;0.80079776;0.47579724;0.17078741;1.180927;0.25384188;0.47827384;2.7980516;1.4338148;1.1046503;1.0838274;1.3140123;9.999997e-07;2.1565206;1.3700849;2.0598638;1.9220972;2.658623;0.6287647;1.7148079;0.1985166;1.9112374;0.6911635;0.27822948;1.771023;1.2227705;1.3339542;1.429561;1.3626281;0.5939751;0.5876818;4.363235;0.83857006;1.3011423;1.9039707;2.478522;1.0050627;0.17363116;0.6967655;0.4045883;3.4485672;0.70002466;2.239232;0.52991325;0.79478055;2.0613365;1.5119117;0.5184721;1.4806396;0.8736792;1.770276;0.9407665;0.8856018;0.15339138;3.1570659;0.7653003;0.038884576;1.4245661;1.7999822;1.0907056;1.7698405;0.26405385;0.67501646;0.5595733;0.5898286;4.5244045;1.1472125;3.0465717;4.1797442;0.77892286;0.64713806;2.1075683;0.09294735;0.65207654;0.94602895;0.8747182;0.41733754;4.630935;2.4586313;0.85042924;1.4246625;1.4716703;2.6471748;0.84981793;1.5270098;2.7096283;0.43221867;1.9288769;1.7691783;1.2507702;0.6606648;2.2530823;1.0677489;0.28851932;5.285048;2.1244812;2.231669;1.821492;3.122177;1.3180535;0.8262445;1.5670507;0.90679586;0.42728412;2.533256;7.385252;1.7394544;2.1458116;0.5835945;0.68874466;0.28823033;1.5084769;0.406163;2.078849;1.5941309;0.6537779;4.407275;0.6464107;1.6861247;0.3492142;9.999997e-07;0.5409447;1.2614776;1.5480651;4.504088;1.1255364;2.5109477;0.9297767;0.32481968;0.31248888;2.4965818;1.9467669;1.2201308;2.0764084;1.0364226;1.2766519;1.0787995;0.7063082;0.77596825;2.7440748;0.08931319;0.26508397;1.7768427;0.612409;4.716178;0.96234375;1.763733;1.7515504;3.0049136;1.005585;2.4636242;2.399477;1.2170743;1.6029171;1.4702356;1.7281938;0.915725;2.493718;2.9070842;1.0284427;1.9307796;0.59625167;0.29393506;1.8003539;0.40783402;1.1708517;0.9359685;2.010556;1.2589148;2.4662638;1.4195752;1.6563534;1.6115681;2.7191114;2.8222675;1.1661519;0.6138029;2.2813632;0.8799891;1.2115328;1.6547694;0.70065206;2.7746325;1.6739239;2.4069905;0.15237917;0.33620405;3.8612876;1.6009396;1.542259;2.9371772;2.5512004;1.5519937;2.5828037;0.3935138;1.5430872;1.482246;0.10930347;1.5060467;1.0094174;2.5330637;3.7313502;0.1618456;3.7999694;3.879363;0.4613097;0.4694787;1.2395064;2.0965924;3.9926972;2.0287607;2.328461;1.0587673;0.97248733;2.3585544;1.3443806;0.36985666;1.4344453;2.56932;1.3922684;0.63408446;1.8198428;1.4777611;1.6073622;3.0247483;1.5521544;1.1797091;0.797176;2.145333;1.5158755;0.57493633;1.9775605;0.8545729;2.0761726;1.3241203;0.75320053;0.6207346;0.60023326;9.999997e-07;9.999997e-07;2.5934503;1.6941311;0.7560308;0.41044062;2.1997814;1.4121383;3.7258306;0.48599043;1.1958572;3.179894;0.83607453;1.621896;0.5364896;2.9806516;1.6437432;1.6232597;2.629664;0.03259762;1.8687242;1.0995641;0.6537831;1.006562;1.7400503;1.6206164;2.6281478;3.4350703;0.5056119;1.640655;1.0431557;2.3623388
austin_patch_0_8,austin10,0_8,C:\Users\matve\Desktop\GeoAnchor\results\maps\final\patches\austin_patch_0_8.tiff,30.291513020946784,-97.7495883278563,4403,259,4921,777,test,1.675124;6.40957;4.8111434;1.065111;1.2956645;3.6298375;0.39305025;1.7316635;0.49883363;3.0382104;2.2644165;0.7392804;2.1322024;0.80503213;1.6826239;2.9560013;2.8452067;1.0710342;3.0140066;0.7233497;2.3711665;1.0082613;1.0964907;4.9019814;1.5521075;3.6483114;0.055307716;0.94062185;4.909483;0.6251154;3.661117;2.542159;1.6828768;1.9355075;2.0194178;3.0045993;3.7701635;1.6616665;1.3535095;1.2858685;2.916508;2.9119802;0.5869455;3.7740483;2.9016013;1.0206383;0.4453401;2.1911714;3.903349;2.3644884;1.1354884;1.9510206;1.6642876;2.6288874;1.8475859;3.3285058;1.8565022;1.0545291;0.97174525;0.58345073;0.72966766;1.5600768;1.3361589;2.9705026;1.4022981;4.132692;0.06365119;0.4797895;4.1735067;2.4865942;0.43120536;0.4405328;1.0655551;1.0876448;2.9780648;4.54507;0.7736649;3.2121341;0.34023753;0.010418477;2.9406962;2.8372638;2.1284716;0.57794344;0.9440723;0.6493514;1.5447775;0.27195254;9.999997e-07;1.4201565;0.7284727;1.2499926;0.1795949;1.1908134;0.7628046;2.134179;2.8406394;2.3524475;2.6946204;0.15668866;1.1665272;1.164128;3.1492069;2.6812754;1.6671742;1.1904508;2.1813178;1.2737875;1.1808424;4.207159;4.181083;1.3295487;9.999997e-07;0.7206081;0.8522568;1.5197781;0.66889226;0.3187488;1.5177406;0.339805;0.8149906;2.936555;1.6394274;0.9308441;1.614883;1.2548704;0.26191515;1.4118197;1.1717105;1.6952652;1.9886038;2.616876;0.7601179;1.458829;0.38261464;1.896248;0.6925788;0.61012495;1.5888573;1.1153419;1.4841876;1.2215601;1.6527787;0.6377485;0.5821147;3.9223583;1.0209317;1.5144546;1.5164257;1.9943743;1.0858976;0.102279514;0.76439184;0.39782667;3.3934715;1.1079005;2.2222495;0.43068588;0.73182034;2.0909367;1.7799377;0.6791303;1.613177;0.9338092;2.081468;1.3186033;0.93984973;0.058281794;2.850576;0.39026117;0.46116182;1.4014945;1.969911;1.4949666;2.2603462;0.28376207;0.5996329;0.2320165;0.6460567;3.7814457;0.9842901;2.8108706;3.6776612;0.52849853;0.48933056;1.6289744;0.1829357;0.79091185;1.0639793;0.57077724;0.41866934;4.14717;2.8213966;0.66003764;1.3315872;1.5184675;2.2798054;0.7361343;1.2939278;2.757086;0.76133186;1.9316607;1.8178931;1.4280692;0.8031284;2.510549;0.9041497;0.21683352;5.0404377;2.0737588;1.9417247;1.5987686;3.1679401;1.3004549;0.70253915;1.9351759;0.8707757;0.5443955;2.0544944;7.4354796;2.116897;1.919009;0.7781991;1.012862;0.042790815;1.3948603;0.43088943;2.002495;1.1733098;0.601167;4.522288;0.23337051;1.7162967;0.17184561;9.999997e-07;0.4169651;1.1870185;1.6942991;4.4493666;1.1839869;2.657218;1.0544666;0.08474126;0.25999802;2.2788093;1.8462182;1.2400169;1.4184029;1.5315965;1.4977075;1.6722467;0.7422211;0.49502492;2.6052055;0.07799257;0.12232395;1.8240241;0.31667477;4.4661517;0.7827962;1.3442495;1.9145756;3.1641273;0.826831;2.2857013;2.8523433;0.7196028;1.5355461;1.3103055;1.4927683;1.0760587;2.4123042;2.9335225;1.0323182;1.6293827;0.60458595;0.2912961;1.8630993;0.46340492;1.5677998;1.0966675;1.7950428;0.99192566;2.326957;1.6944971;1.7608943;1.6127249;2.123745;2.3081577;0.90230757;0.697103;2.456629;0.667148;1.0399244;1.882632;0.71046746;2.4079602;1.6121153;2.0380774;9.999997e-07;0.2873878;3.691433;1.666643;1.6422269;2.562336;2.5532248;1.9841318;2.7623525;0.35653475;1.2517252;1.0080205;0.27999666;1.4653085;1.5036595;2.855113;3.536889;0.19070803;4.513762;3.8516977;0.59883714;0.45574358;1.0636623;1.9014817;4.711361;1.4927926;2.4392755;0.89774555;0.5773876;2.306265;1.5434829;0.4445106;1.5658952;1.8776667;1.2107683;0.8852444;2.0410368;2.0111806;1.2992429;3.1470797;1.7047598;1.0269084;1.0172539;2.3603258;1.5095855;0.68791705;2.1549761;1.1143982;2.0079916;0.9561007;1.1328334;0.39093676;0.71423787;9.999997e-07;0.06857103;2.4273884;1.8980833;0.7843969;0.15450625;1.8898059;1.2333155;3.5591338;0.5558526;1.0464658;3.7359788;1.0143217;1.7676301;0.3865366;2.5533633;1.6180823;1.3831738;2.614599;0.037381474;2.134794;1.1995791;1.0213636;0.7968266;1.4421587;1.3715488;2.2673092;3.230167;0.54334587;1.2453004;1.400065;2.1964388
austin_patch_0_9,austin10,0_9,C:\Users\matve\Desktop\GeoAnchor\results\maps\final\patches\austin_patch_0_9.tiff,30.22369774498916,-97.73486153139389,4921,259,5439,777,test,1.8827375;5.5037374;4.5071106;0.6143472;1.2542378;3.916277;0.6193803;1.539574;0.49110013;3.139428;2.5873623;0.81970286;1.5644876;1.1513566;1.4640174;2.1963239;2.9613702;1.2355303;3.0191436;0.44538802;2.061705;1.2067541;0.93388885;5.09726;1.3451892;4.104599;0.08708208;0.55865324;4.6242185;0.8880073;4.1264815;2.4972663;1.994501;2.4678051;2.3063364;2.9538212;4.018765;1.5009382;1.3653158;1.1479154;1.7333488;2.7035787;0.49257383;3.2456443;2.8099945;0.75566864;0.45060375;1.6718422;3.5709996;2.366717;1.1133741;2.1165876;1.1126207;1.9773525;1.545987;3.3828304;1.8298631;0.8711435;1.1134738;0.45920727;0.8137169;1.8168544;1.0459229;2.8518066;1.3553582;3.984714;0.321969;0.4476782;4.24181;2.4464526;0.19173732;0.5271485;1.5147885;1.2578312;2.7593513;4.3748236;0.69308954;3.0407004;0.57311165;9.999997e-07;2.5093944;2.7487988;1.7625414;0.6256736;0.89197254;0.8978792;1.7579432;0.5570575;9.999997e-07;1.953862;0.5698201;1.0860528;0.11828063;1.2640551;1.1804122;1.8866075;4.0570292;2.708397;2.5597482;0.06835653;1.2308261;1.2882878;3.7024848;2.6073806;1.2957935;1.0488422;1.9816735;1.3766575;1.1662095;4.2342587;3.8461733;1.7965732;9.999997e-07;0.688391;1.0325712;1.1143996;0.6228041;0.2724051;1.3218621;0.0932256;0.3078708;2.735956;1.6244552;1.0738766;1.4512448;1.2113385;0.01667425;1.5361075;1.2857633;2.1009326;1.8897287;3.010265;0.9280216;1.6972997;0.27126586;1.8171746;0.5245274;0.82402736;1.9383612;1.0179248;1.0926343;1.2318233;1.3829721;0.6569231;0.730738;3.8710792;0.7646077;1.677055;1.6067703;2.1643093;0.8117128;9.999997e-07;0.6295472;0.40104616;3.267898;1.0099835;2.1076381;0.80423456;0.68942165;1.974653;1.7368916;0.470438;1.699258;1.0704408;2.6936257;1.3170525;1.1808631;0.18985318;2.7867048;0.750817;0.24468772;1.3124412;1.5609033;1.2320087;1.5803251;0.13596599;0.4404549;0.43427914;0.7413748;3.7746892;0.91494966;3.1460767;4.1377106;0.3944696;0.49730447;1.3140715;0.1801566;0.8401966;1.1747882;0.88384926;0.6372455;4.3464165;3.1619282;0.9976714;1.5492231;1.6817387;2.3815053;0.8827445;1.3238269;2.8403766;0.65650326;2.0446572;1.9527253;1.0471284;0.5293375;2.2952917;0.7974174;0.21450843;5.345147;1.9273214;2.2378206;1.5932037;3.1814792;0.9016189;0.6327443;1.7805047;0.9021224;0.18392672;2.305881;7.1990943;1.9643203;1.9475869;0.59582514;0.9992199;0.079656586;1.457727;0.6827661;1.89295;1.2346008;0.76589143;4.4933662;0.2959989;2.1653485;0.27392817;9.999997e-07;0.18775381;1.0823927;1.3503488;4.2327595;1.4009293;2.3061585;1.5418624;0.13040198;0.06292128;2.5606594;1.862795;1.0626726;1.6502662;1.0480295;1.1863506;1.2561294;0.83991885;0.36751127;2.8364863;0.23939218;0.29901725;1.5903608;0.54999954;4.5650945;0.68876255;1.8385108;1.8810596;3.3290966;0.9051858;1.9465312;1.9657426;0.963499;1.5753486;1.1242965;1.7029817;0.88481224;2.1888614;2.9668233;0.95188063;1.7919699;0.54260147;0.25956136;1.8544339;0.42174172;0.90150464;0.9732574;2.1195886;1.4900259;2.487808;1.3800371;1.6761806;1.6120108;1.8505524;2.5205603;1.3255732;0.6783101;2.0556912;0.82845414;1.0706259;1.2763293;0.7671073;2.4572945;0.9996389;2.4866507;0.065559655;0.31496778;3.5170555;1.1933417;1.3962672;2.6836433;2.90228;1.3639262;2.682422;0.33092526;1.5782256;1.0482569;0.052970324;1.2375557;0.98979306;2.251313;3.9003923;0.2667254;4.081758;3.4400454;0.6066846;0.6122085;1.1508899;2.2966647;4.358302;1.7666864;2.3309007;0.9090366;0.8602127;2.3782716;1.2046348;0.6411862;1.8465375;2.8246703;1.0230527;0.38996017;1.8488545;1.143879;1.5429522;3.3422875;1.8207319;0.9503249;0.586254;2.1115072;1.5903244;0.5926119;2.169989;1.0974245;1.8446683;1.2466762;0.83294517;0.50484896;0.4274077;0.06152144;9.999997e-07;2.3217432;1.5308748;1.0571461;0.38218838;2.3611112;1.1496547;3.5860431;0.4257298;1.3227421;3.2048087;0.7600623;1.5359579;0.39958993;2.3032434;1.5240933;1.60288;2.8889513;0.036998197;1.8882799;0.864412;0.7509241;0.6939392;1.36937;1.4675056;2.6450484;3.103656;0.36041015;1.2267911;1.0985359;2.623402
